{"loss": [2.5080217339082567, 2.3326820885787725, 0.4013112819387545, 0.30062480385242496, 0.30724837001368094, 0.28747648264161646, 0.19150736882181224, 0.1954142932502742, 0.21536067509447843, 0.1937896347847617, 0.2041177460639165, 0.14087647414622614, 0.1494543110559924, 0.1483428065824589, 0.06405292380688542, 0.07965288529809307, 0.08028228814212583, 0.0815705741784127, 0.047219842371174055, 0.04825904300699822, 0.06272537189032075, 0.05263564962491277, 0.05309586126129616, 0.03726715279290321, 0.03208550184454793, 0.03401406443139701, 0.11076075462498666, 0.041901655777476, 0.04427503305652815, 0.05644617905430218, 0.07926088323228872], "acc": [0.10451111111111111, 0.13366666666666666, 0.8637555555555556, 0.8949555555555555, 0.8926888888888889, 0.9009777777777778, 0.9342, 0.9324222222222223, 0.9282888888888889, 0.9345111111111111, 0.9314444444444444, 0.9520888888888889, 0.9513777777777778, 0.9511777777777778, 0.9788222222222223, 0.9734888888888888, 0.9729333333333333, 0.9729111111111111, 0.9843111111111111, 0.9839111111111111, 0.9786888888888889, 0.9822888888888889, 0.9821555555555556, 0.9874666666666667, 0.9892, 0.9883555555555555, 0.9637777777777777, 0.9852444444444445, 0.9842222222222222, 0.9819333333333333, 0.9758], "val_loss": [2.4990384244615105, 2.3337051428047713, 0.4520768714938194, 0.38129958681240206, 0.39227844622864083, 0.4227457890749737, 0.3021713433561811, 0.30928903039853284, 0.4053083830957959, 0.3971221216829719, 0.40566153473155514, 0.34444829577188585, 0.4097306403289935, 0.41511363913394084, 0.2853113673864656, 0.31140545179035256, 0.3146976917080439, 0.36824900982011655, 0.2705066722764331, 0.2705425395019305, 0.3438299605563568, 0.32998492819061326, 0.33026689796405995, 0.30425197125715053, 0.29448402369288124, 0.30160858266197954, 0.4932732835506937, 0.3816337731969395, 0.3850738764473587, 0.42129738612254714, 0.4611728512177801], "val_acc": [0.1126, 0.1308, 0.844, 0.8648, 0.8608, 0.8638, 0.8988, 0.8934, 0.879, 0.8772, 0.873, 0.8934, 0.888, 0.8872, 0.9094, 0.906, 0.9036, 0.899, 0.9142, 0.9138, 0.9068, 0.906, 0.906, 0.914, 0.9122, 0.912, 0.8754, 0.9066, 0.906, 0.899, 0.8934], "test_loss": [2.5084987090418513, 2.331569261063402, 0.4615505672396181, 0.3856643090804164, 0.39589467078161694, 0.4255659401702424, 0.31277930543731197, 0.31517548766284703, 0.402597310610663, 0.3899629107846048, 0.4038488113889679, 0.3557751916777402, 0.4145368481048951, 0.41753813084036395, 0.29855606576409965, 0.35010616281352486, 0.35403387222331933, 0.38981660205525714, 0.2945041751947266, 0.2980236573079333, 0.3709418842205986, 0.3874256921628603, 0.38652508133373703, 0.3461151314250673, 0.33685325878782396, 0.3422508893219141, 0.5185944384779222, 0.4075472532167507, 0.40946752108490697, 0.43009349484794057, 0.511117694831004], "test_acc": [0.1043, 0.1311, 0.8432, 0.8659, 0.863, 0.8598, 0.8928, 0.8911, 0.879, 0.8791, 0.8761, 0.8888, 0.889, 0.8882, 0.9129, 0.9013, 0.9006, 0.9013, 0.9169, 0.9166, 0.9017, 0.9052, 0.9042, 0.9109, 0.9102, 0.9097, 0.8774, 0.9023, 0.9004, 0.8962, 0.8891]}