{"val_loss": [1.1258686826705933, 1.0070824745416642, 0.905112125134468, 0.7247412185996771, 0.763057224816084, 0.6761329984009266, 0.6897859262883663, 0.6154384205669164, 0.6992461594998837, 0.5458910400807857], "val_acc": [0.6138, 0.6584, 0.6996, 0.7532, 0.7328, 0.7732, 0.7596, 0.7868, 0.7712, 0.8064], "loss": [1.4909757099999321, 1.0654495656967162, 0.9336831507788764, 0.8449691815694174, 0.7821995688120524, 0.7343201025009155, 0.6980280670589871, 0.6692386290444268, 0.635906344265408, 0.6105978284623887], "acc": [0.4846888888888889, 0.6206222222222222, 0.6731777777777778, 0.7022888888888889, 0.7238888888888889, 0.7426444444444444, 0.7556444444444445, 0.7666222222222222, 0.7758, 0.7864666666666666], "test_loss": [1.1138266693115235, 1.0034473484039306, 0.8930173267364502, 0.7184045232772828, 0.761791960811615, 0.6840592522621155, 0.7204409030914307, 0.6407039417266845, 0.684729342699051, 0.5659321436405181], "test_acc": [0.6058, 0.6531, 0.6996, 0.7521, 0.7415, 0.7705, 0.7633, 0.782, 0.7735, 0.806]}